regiao;estado;data;casosNovos;casosAcumulados;obitosNovos;obitosAcumulados
Norte;RO;43860;0;0;0;0
Norte;RO;43861;0;0;0;0
Norte;RO;43862;0;0;0;0
Norte;RO;43863;0;0;0;0
Norte;RO;43864;0;0;0;0
Norte;RO;43865;0;0;0;0
Norte;RO;43866;0;0;0;0
Norte;RO;43867;0;0;0;0
Norte;RO;43868;0;0;0;0
Norte;RO;43869;0;0;0;0
Norte;RO;43870;0;0;0;0
Norte;RO;43871;0;0;0;0
Norte;RO;43872;0;0;0;0
Norte;RO;43873;0;0;0;0
Norte;RO;43874;0;0;0;0
Norte;RO;43875;0;0;0;0
Norte;RO;43876;0;0;0;0
Norte;RO;43877;0;0;0;0
Norte;RO;43878;0;0;0;0
Norte;RO;43879;0;0;0;0
Norte;RO;43880;0;0;0;0
Norte;RO;43881;0;0;0;0
Norte;RO;43882;0;0;0;0
Norte;RO;43883;0;0;0;0
Norte;RO;43884;0;0;0;0
Norte;RO;43885;0;0;0;0
Norte;RO;43886;0;0;0;0
Norte;RO;43887;0;0;0;0
Norte;RO;43888;0;0;0;0
Norte;RO;43889;0;0;0;0
Norte;RO;43890;0;0;0;0
Norte;RO;43891;0;0;0;0
Norte;RO;43892;0;0;0;0
Norte;RO;43893;0;0;0;0
Norte;RO;43894;0;0;0;0
Norte;RO;43895;0;0;0;0
Norte;RO;43896;0;0;0;0
Norte;RO;43897;0;0;0;0
Norte;RO;43898;0;0;0;0
Norte;RO;43899;0;0;0;0
Norte;RO;43900;0;0;0;0
Norte;RO;43901;0;0;0;0
Norte;RO;43902;0;0;0;0
Norte;RO;43903;0;0;0;0
Norte;RO;43904;0;0;0;0
Norte;RO;43905;0;0;0;0
Norte;RO;43906;0;0;0;0
Norte;RO;43907;0;0;0;0
Norte;RO;43908;0;0;0;0
Norte;RO;43909;0;0;0;0
Norte;RO;43910;1;1;0;0
Norte;RO;43911;0;1;0;0
Norte;RO;43912;2;3;0;0
Norte;RO;43913;0;3;0;0
Norte;RO;43914;0;3;0;0
Norte;RO;43915;2;5;0;0
Norte;RO;43916;0;5;0;0
Norte;RO;43917;1;6;0;0
Norte;RO;43918;0;6;0;0
Norte;RO;43919;0;6;0;0
Norte;RO;43920;0;6;0;0
Norte;RO;43921;2;8;1;1
Norte;RO;43922;1;9;0;1
Norte;RO;43923;1;10;0;1
Norte;RO;43924;0;10;0;1
Norte;RO;43925;1;11;0;1
Norte;RO;43926;1;12;0;1
Norte;RO;43927;2;14;0;1
Norte;AC;43860;0;0;0;0
Norte;AC;43861;0;0;0;0
Norte;AC;43862;0;0;0;0
Norte;AC;43863;0;0;0;0
Norte;AC;43864;0;0;0;0
Norte;AC;43865;0;0;0;0
Norte;AC;43866;0;0;0;0
Norte;AC;43867;0;0;0;0
Norte;AC;43868;0;0;0;0
Norte;AC;43869;0;0;0;0
Norte;AC;43870;0;0;0;0
Norte;AC;43871;0;0;0;0
Norte;AC;43872;0;0;0;0
Norte;AC;43873;0;0;0;0
Norte;AC;43874;0;0;0;0
Norte;AC;43875;0;0;0;0
Norte;AC;43876;0;0;0;0
Norte;AC;43877;0;0;0;0
Norte;AC;43878;0;0;0;0
Norte;AC;43879;0;0;0;0
Norte;AC;43880;0;0;0;0
Norte;AC;43881;0;0;0;0
Norte;AC;43882;0;0;0;0
Norte;AC;43883;0;0;0;0
Norte;AC;43884;0;0;0;0
Norte;AC;43885;0;0;0;0
Norte;AC;43886;0;0;0;0
Norte;AC;43887;0;0;0;0
Norte;AC;43888;0;0;0;0
Norte;AC;43889;0;0;0;0
Norte;AC;43890;0;0;0;0
Norte;AC;43891;0;0;0;0
Norte;AC;43892;0;0;0;0
Norte;AC;43893;0;0;0;0
Norte;AC;43894;0;0;0;0
Norte;AC;43895;0;0;0;0
Norte;AC;43896;0;0;0;0
Norte;AC;43897;0;0;0;0
Norte;AC;43898;0;0;0;0
Norte;AC;43899;0;0;0;0
Norte;AC;43900;0;0;0;0
Norte;AC;43901;0;0;0;0
Norte;AC;43902;0;0;0;0
Norte;AC;43903;0;0;0;0
Norte;AC;43904;0;0;0;0
Norte;AC;43905;0;0;0;0
Norte;AC;43906;0;0;0;0
Norte;AC;43907;0;0;0;0
Norte;AC;43908;0;0;0;0
Norte;AC;43909;3;3;0;0
Norte;AC;43910;4;7;0;0
Norte;AC;43911;2;9;0;0
Norte;AC;43912;2;11;0;0
Norte;AC;43913;0;11;0;0
Norte;AC;43914;6;17;0;0
Norte;AC;43915;6;23;0;0
Norte;AC;43916;1;24;0;0
Norte;AC;43917;1;25;0;0
Norte;AC;43918;0;25;0;0
Norte;AC;43919;9;34;0;0
Norte;AC;43920;8;42;0;0
Norte;AC;43921;0;42;0;0
Norte;AC;43922;1;43;0;0
Norte;AC;43923;0;43;0;0
Norte;AC;43924;3;46;0;0
Norte;AC;43925;0;46;0;0
Norte;AC;43926;2;48;0;0
Norte;AC;43927;2;50;0;0
Norte;AM;43860;0;0;0;0
Norte;AM;43861;0;0;0;0
Norte;AM;43862;0;0;0;0
Norte;AM;43863;0;0;0;0
Norte;AM;43864;0;0;0;0
Norte;AM;43865;0;0;0;0
Norte;AM;43866;0;0;0;0
Norte;AM;43867;0;0;0;0
Norte;AM;43868;0;0;0;0
Norte;AM;43869;0;0;0;0
Norte;AM;43870;0;0;0;0
Norte;AM;43871;0;0;0;0
Norte;AM;43872;0;0;0;0
Norte;AM;43873;0;0;0;0
Norte;AM;43874;0;0;0;0
Norte;AM;43875;0;0;0;0
Norte;AM;43876;0;0;0;0
Norte;AM;43877;0;0;0;0
Norte;AM;43878;0;0;0;0
Norte;AM;43879;0;0;0;0
Norte;AM;43880;0;0;0;0
Norte;AM;43881;0;0;0;0
Norte;AM;43882;0;0;0;0
Norte;AM;43883;0;0;0;0
Norte;AM;43884;0;0;0;0
Norte;AM;43885;0;0;0;0
Norte;AM;43886;0;0;0;0
Norte;AM;43887;0;0;0;0
Norte;AM;43888;0;0;0;0
Norte;AM;43889;0;0;0;0
Norte;AM;43890;0;0;0;0
Norte;AM;43891;0;0;0;0
Norte;AM;43892;0;0;0;0
Norte;AM;43893;0;0;0;0
Norte;AM;43894;0;0;0;0
Norte;AM;43895;0;0;0;0
Norte;AM;43896;0;0;0;0
Norte;AM;43897;0;0;0;0
Norte;AM;43898;0;0;0;0
Norte;AM;43899;0;0;0;0
Norte;AM;43900;0;0;0;0
Norte;AM;43901;0;0;0;0
Norte;AM;43902;0;0;0;0
Norte;AM;43903;0;0;0;0
Norte;AM;43904;0;0;0;0
Norte;AM;43905;1;1;0;0
Norte;AM;43906;0;1;0;0
Norte;AM;43907;0;1;0;0
Norte;AM;43908;0;1;0;0
Norte;AM;43909;2;3;0;0
Norte;AM;43910;0;3;0;0
Norte;AM;43911;8;11;0;0
Norte;AM;43912;15;26;0;0
Norte;AM;43913;6;32;0;0
Norte;AM;43914;15;47;0;0
Norte;AM;43915;7;54;1;1
Norte;AM;43916;13;67;0;1
Norte;AM;43917;14;81;0;1
Norte;AM;43918;30;111;0;1
Norte;AM;43919;29;140;0;1
Norte;AM;43920;11;151;0;1
Norte;AM;43921;24;175;2;3
Norte;AM;43922;25;200;0;3
Norte;AM;43923;29;229;0;3
Norte;AM;43924;31;260;4;7
Norte;AM;43925;51;311;5;12
Norte;AM;43926;106;417;2;14
Norte;AM;43927;115;532;5;19
Norte;RR;43860;0;0;0;0
Norte;RR;43861;0;0;0;0
Norte;RR;43862;0;0;0;0
Norte;RR;43863;0;0;0;0
Norte;RR;43864;0;0;0;0
Norte;RR;43865;0;0;0;0
Norte;RR;43866;0;0;0;0
Norte;RR;43867;0;0;0;0
Norte;RR;43868;0;0;0;0
Norte;RR;43869;0;0;0;0
Norte;RR;43870;0;0;0;0
Norte;RR;43871;0;0;0;0
Norte;RR;43872;0;0;0;0
Norte;RR;43873;0;0;0;0
Norte;RR;43874;0;0;0;0
Norte;RR;43875;0;0;0;0
Norte;RR;43876;0;0;0;0
Norte;RR;43877;0;0;0;0
Norte;RR;43878;0;0;0;0
Norte;RR;43879;0;0;0;0
Norte;RR;43880;0;0;0;0
Norte;RR;43881;0;0;0;0
Norte;RR;43882;0;0;0;0
Norte;RR;43883;0;0;0;0
Norte;RR;43884;0;0;0;0
Norte;RR;43885;0;0;0;0
Norte;RR;43886;0;0;0;0
Norte;RR;43887;0;0;0;0
Norte;RR;43888;0;0;0;0
Norte;RR;43889;0;0;0;0
Norte;RR;43890;0;0;0;0
Norte;RR;43891;0;0;0;0
Norte;RR;43892;0;0;0;0
Norte;RR;43893;0;0;0;0
Norte;RR;43894;0;0;0;0
Norte;RR;43895;0;0;0;0
Norte;RR;43896;0;0;0;0
Norte;RR;43897;0;0;0;0
Norte;RR;43898;0;0;0;0
Norte;RR;43899;0;0;0;0
Norte;RR;43900;0;0;0;0
Norte;RR;43901;0;0;0;0
Norte;RR;43902;0;0;0;0
Norte;RR;43903;0;0;0;0
Norte;RR;43904;0;0;0;0
Norte;RR;43905;0;0;0;0
Norte;RR;43906;0;0;0;0
Norte;RR;43907;0;0;0;0
Norte;RR;43908;0;0;0;0
Norte;RR;43909;0;0;0;0
Norte;RR;43910;0;0;0;0
Norte;RR;43911;0;0;0;0
Norte;RR;43912;2;2;0;0
Norte;RR;43913;0;2;0;0
Norte;RR;43914;0;2;0;0
Norte;RR;43915;6;8;0;0
Norte;RR;43916;0;8;0;0
Norte;RR;43917;2;10;0;0
Norte;RR;43918;2;12;0;0
Norte;RR;43919;4;16;0;0
Norte;RR;43920;0;16;0;0
Norte;RR;43921;0;16;0;0
Norte;RR;43922;6;22;0;0
Norte;RR;43923;4;26;0;0
Norte;RR;43924;4;30;0;0
Norte;RR;43925;7;37;1;1
Norte;RR;43926;5;42;0;1
Norte;RR;43927;0;42;0;1
Norte;PA;43860;0;0;0;0
Norte;PA;43861;0;0;0;0
Norte;PA;43862;0;0;0;0
Norte;PA;43863;0;0;0;0
Norte;PA;43864;0;0;0;0
Norte;PA;43865;0;0;0;0
Norte;PA;43866;0;0;0;0
Norte;PA;43867;0;0;0;0
Norte;PA;43868;0;0;0;0
Norte;PA;43869;0;0;0;0
Norte;PA;43870;0;0;0;0
Norte;PA;43871;0;0;0;0
Norte;PA;43872;0;0;0;0
Norte;PA;43873;0;0;0;0
Norte;PA;43874;0;0;0;0
Norte;PA;43875;0;0;0;0
Norte;PA;43876;0;0;0;0
Norte;PA;43877;0;0;0;0
Norte;PA;43878;0;0;0;0
Norte;PA;43879;0;0;0;0
Norte;PA;43880;0;0;0;0
Norte;PA;43881;0;0;0;0
Norte;PA;43882;0;0;0;0
Norte;PA;43883;0;0;0;0
Norte;PA;43884;0;0;0;0
Norte;PA;43885;0;0;0;0
Norte;PA;43886;0;0;0;0
Norte;PA;43887;0;0;0;0
Norte;PA;43888;0;0;0;0
Norte;PA;43889;0;0;0;0
Norte;PA;43890;0;0;0;0
Norte;PA;43891;0;0;0;0
Norte;PA;43892;0;0;0;0
Norte;PA;43893;0;0;0;0
Norte;PA;43894;0;0;0;0
Norte;PA;43895;0;0;0;0
Norte;PA;43896;0;0;0;0
Norte;PA;43897;0;0;0;0
Norte;PA;43898;0;0;0;0
Norte;PA;43899;0;0;0;0
Norte;PA;43900;0;0;0;0
Norte;PA;43901;0;0;0;0
Norte;PA;43902;0;0;0;0
Norte;PA;43903;0;0;0;0
Norte;PA;43904;0;0;0;0
Norte;PA;43905;0;0;0;0
Norte;PA;43906;0;0;0;0
Norte;PA;43907;0;0;0;0
Norte;PA;43908;0;0;0;0
Norte;PA;43909;1;1;0;0
Norte;PA;43910;1;2;0;0
Norte;PA;43911;0;2;0;0
Norte;PA;43912;2;4;0;0
Norte;PA;43913;1;5;0;0
Norte;PA;43914;0;5;0;0
Norte;PA;43915;2;7;0;0
Norte;PA;43916;6;13;0;0
Norte;PA;43917;0;13;0;0
Norte;PA;43918;4;17;0;0
Norte;PA;43919;1;18;0;0
Norte;PA;43920;3;21;0;0
Norte;PA;43921;11;32;0;0
Norte;PA;43922;8;40;1;1
Norte;PA;43923;6;46;0;1
Norte;PA;43924;4;50;0;1
Norte;PA;43925;30;80;0;1
Norte;PA;43926;6;86;0;1
Norte;PA;43927;16;102;2;3
Norte;AP;43860;0;0;0;0
Norte;AP;43861;0;0;0;0
Norte;AP;43862;0;0;0;0
Norte;AP;43863;0;0;0;0
Norte;AP;43864;0;0;0;0
Norte;AP;43865;0;0;0;0
Norte;AP;43866;0;0;0;0
Norte;AP;43867;0;0;0;0
Norte;AP;43868;0;0;0;0
Norte;AP;43869;0;0;0;0
Norte;AP;43870;0;0;0;0
Norte;AP;43871;0;0;0;0
Norte;AP;43872;0;0;0;0
Norte;AP;43873;0;0;0;0
Norte;AP;43874;0;0;0;0
Norte;AP;43875;0;0;0;0
Norte;AP;43876;0;0;0;0
Norte;AP;43877;0;0;0;0
Norte;AP;43878;0;0;0;0
Norte;AP;43879;0;0;0;0
Norte;AP;43880;0;0;0;0
Norte;AP;43881;0;0;0;0
Norte;AP;43882;0;0;0;0
Norte;AP;43883;0;0;0;0
Norte;AP;43884;0;0;0;0
Norte;AP;43885;0;0;0;0
Norte;AP;43886;0;0;0;0
Norte;AP;43887;0;0;0;0
Norte;AP;43888;0;0;0;0
Norte;AP;43889;0;0;0;0
Norte;AP;43890;0;0;0;0
Norte;AP;43891;0;0;0;0
Norte;AP;43892;0;0;0;0
Norte;AP;43893;0;0;0;0
Norte;AP;43894;0;0;0;0
Norte;AP;43895;0;0;0;0
Norte;AP;43896;0;0;0;0
Norte;AP;43897;0;0;0;0
Norte;AP;43898;0;0;0;0
Norte;AP;43899;0;0;0;0
Norte;AP;43900;0;0;0;0
Norte;AP;43901;0;0;0;0
Norte;AP;43902;0;0;0;0
Norte;AP;43903;0;0;0;0
Norte;AP;43904;0;0;0;0
Norte;AP;43905;0;0;0;0
Norte;AP;43906;0;0;0;0
Norte;AP;43907;0;0;0;0
Norte;AP;43908;0;0;0;0
Norte;AP;43909;0;0;0;0
Norte;AP;43910;1;1;0;0
Norte;AP;43911;0;1;0;0
Norte;AP;43912;0;1;0;0
Norte;AP;43913;0;1;0;0
Norte;AP;43914;0;1;0;0
Norte;AP;43915;0;1;0;0
Norte;AP;43916;1;2;0;0
Norte;AP;43917;0;2;0;0
Norte;AP;43918;2;4;0;0
Norte;AP;43919;0;4;0;0
Norte;AP;43920;4;8;0;0
Norte;AP;43921;2;10;0;0
Norte;AP;43922;1;11;0;0
Norte;AP;43923;0;11;0;0
Norte;AP;43924;8;19;0;0
Norte;AP;43925;9;28;1;1
Norte;AP;43926;1;29;1;2
Norte;AP;43927;5;34;0;2
Norte;TO;43860;0;0;0;0
Norte;TO;43861;0;0;0;0
Norte;TO;43862;0;0;0;0
Norte;TO;43863;0;0;0;0
Norte;TO;43864;0;0;0;0
Norte;TO;43865;0;0;0;0
Norte;TO;43866;0;0;0;0
Norte;TO;43867;0;0;0;0
Norte;TO;43868;0;0;0;0
Norte;TO;43869;0;0;0;0
Norte;TO;43870;0;0;0;0
Norte;TO;43871;0;0;0;0
Norte;TO;43872;0;0;0;0
Norte;TO;43873;0;0;0;0
Norte;TO;43874;0;0;0;0
Norte;TO;43875;0;0;0;0
Norte;TO;43876;0;0;0;0
Norte;TO;43877;0;0;0;0
Norte;TO;43878;0;0;0;0
Norte;TO;43879;0;0;0;0
Norte;TO;43880;0;0;0;0
Norte;TO;43881;0;0;0;0
Norte;TO;43882;0;0;0;0
Norte;TO;43883;0;0;0;0
Norte;TO;43884;0;0;0;0
Norte;TO;43885;0;0;0;0
Norte;TO;43886;0;0;0;0
Norte;TO;43887;0;0;0;0
Norte;TO;43888;0;0;0;0
Norte;TO;43889;0;0;0;0
Norte;TO;43890;0;0;0;0
Norte;TO;43891;0;0;0;0
Norte;TO;43892;0;0;0;0
Norte;TO;43893;0;0;0;0
Norte;TO;43894;0;0;0;0
Norte;TO;43895;0;0;0;0
Norte;TO;43896;0;0;0;0
Norte;TO;43897;0;0;0;0
Norte;TO;43898;0;0;0;0
Norte;TO;43899;0;0;0;0
Norte;TO;43900;0;0;0;0
Norte;TO;43901;0;0;0;0
Norte;TO;43902;0;0;0;0
Norte;TO;43903;0;0;0;0
Norte;TO;43904;0;0;0;0
Norte;TO;43905;0;0;0;0
Norte;TO;43906;0;0;0;0
Norte;TO;43907;0;0;0;0
Norte;TO;43908;0;0;0;0
Norte;TO;43909;1;1;0;0
Norte;TO;43910;0;1;0;0
Norte;TO;43911;1;2;0;0
Norte;TO;43912;0;2;0;0
Norte;TO;43913;3;5;0;0
Norte;TO;43914;2;7;0;0
Norte;TO;43915;0;7;0;0
Norte;TO;43916;0;7;0;0
Norte;TO;43917;1;8;0;0
Norte;TO;43918;1;9;0;0
Norte;TO;43919;0;9;0;0
Norte;TO;43920;1;10;0;0
Norte;TO;43921;1;11;0;0
Norte;TO;43922;1;12;0;0
Norte;TO;43923;0;12;0;0
Norte;TO;43924;0;12;0;0
Norte;TO;43925;2;14;0;0
Norte;TO;43926;3;17;0;0
Norte;TO;43927;0;17;0;0
Nordeste;MA;43860;0;0;0;0
Nordeste;MA;43861;0;0;0;0
Nordeste;MA;43862;0;0;0;0
Nordeste;MA;43863;0;0;0;0
Nordeste;MA;43864;0;0;0;0
Nordeste;MA;43865;0;0;0;0
Nordeste;MA;43866;0;0;0;0
Nordeste;MA;43867;0;0;0;0
Nordeste;MA;43868;0;0;0;0
Nordeste;MA;43869;0;0;0;0
Nordeste;MA;43870;0;0;0;0
Nordeste;MA;43871;0;0;0;0
Nordeste;MA;43872;0;0;0;0
Nordeste;MA;43873;0;0;0;0
Nordeste;MA;43874;0;0;0;0
Nordeste;MA;43875;0;0;0;0
Nordeste;MA;43876;0;0;0;0
Nordeste;MA;43877;0;0;0;0
Nordeste;MA;43878;0;0;0;0
Nordeste;MA;43879;0;0;0;0
Nordeste;MA;43880;0;0;0;0
Nordeste;MA;43881;0;0;0;0
Nordeste;MA;43882;0;0;0;0
Nordeste;MA;43883;0;0;0;0
Nordeste;MA;43884;0;0;0;0
Nordeste;MA;43885;0;0;0;0
Nordeste;MA;43886;0;0;0;0
Nordeste;MA;43887;0;0;0;0
Nordeste;MA;43888;0;0;0;0
Nordeste;MA;43889;0;0;0;0
Nordeste;MA;43890;0;0;0;0
Nordeste;MA;43891;0;0;0;0
Nordeste;MA;43892;0;0;0;0
Nordeste;MA;43893;0;0;0;0
Nordeste;MA;43894;0;0;0;0
Nordeste;MA;43895;0;0;0;0
Nordeste;MA;43896;0;0;0;0
Nordeste;MA;43897;0;0;0;0
Nordeste;MA;43898;0;0;0;0
Nordeste;MA;43899;0;0;0;0
Nordeste;MA;43900;0;0;0;0
Nordeste;MA;43901;0;0;0;0
Nordeste;MA;43902;0;0;0;0
Nordeste;MA;43903;0;0;0;0
Nordeste;MA;43904;0;0;0;0
Nordeste;MA;43905;0;0;0;0
Nordeste;MA;43906;0;0;0;0
Nordeste;MA;43907;0;0;0;0
Nordeste;MA;43908;0;0;0;0
Nordeste;MA;43909;0;0;0;0
Nordeste;MA;43910;0;0;0;0
Nordeste;MA;43911;1;1;0;0
Nordeste;MA;43912;1;2;0;0
Nordeste;MA;43913;0;2;0;0
Nordeste;MA;43914;6;8;0;0
Nordeste;MA;43915;0;8;0;0
Nordeste;MA;43916;2;10;0;0
Nordeste;MA;43917;3;13;0;0
Nordeste;MA;43918;1;14;0;0
Nordeste;MA;43919;2;16;0;0
Nordeste;MA;43920;7;23;1;1
Nordeste;MA;43921;8;31;0;1
Nordeste;MA;43922;21;52;0;1
Nordeste;MA;43923;19;71;0;1
Nordeste;MA;43924;10;81;0;1
Nordeste;MA;43925;7;88;0;1
Nordeste;MA;43926;8;96;1;2
Nordeste;MA;43927;37;133;0;2
Nordeste;PI;43860;0;0;0;0
Nordeste;PI;43861;0;0;0;0
Nordeste;PI;43862;0;0;0;0
Nordeste;PI;43863;0;0;0;0
Nordeste;PI;43864;0;0;0;0
Nordeste;PI;43865;0;0;0;0
Nordeste;PI;43866;0;0;0;0
Nordeste;PI;43867;0;0;0;0
Nordeste;PI;43868;0;0;0;0
Nordeste;PI;43869;0;0;0;0
Nordeste;PI;43870;0;0;0;0
Nordeste;PI;43871;0;0;0;0
Nordeste;PI;43872;0;0;0;0
Nordeste;PI;43873;0;0;0;0
Nordeste;PI;43874;0;0;0;0
Nordeste;PI;43875;0;0;0;0
Nordeste;PI;43876;0;0;0;0
Nordeste;PI;43877;0;0;0;0
Nordeste;PI;43878;0;0;0;0
Nordeste;PI;43879;0;0;0;0
Nordeste;PI;43880;0;0;0;0
Nordeste;PI;43881;0;0;0;0
Nordeste;PI;43882;0;0;0;0
Nordeste;PI;43883;0;0;0;0
Nordeste;PI;43884;0;0;0;0
Nordeste;PI;43885;0;0;0;0
Nordeste;PI;43886;0;0;0;0
Nordeste;PI;43887;0;0;0;0
Nordeste;PI;43888;0;0;0;0
Nordeste;PI;43889;0;0;0;0
Nordeste;PI;43890;0;0;0;0
Nordeste;PI;43891;0;0;0;0
Nordeste;PI;43892;0;0;0;0
Nordeste;PI;43893;0;0;0;0
Nordeste;PI;43894;0;0;0;0
Nordeste;PI;43895;0;0;0;0
Nordeste;PI;43896;0;0;0;0
Nordeste;PI;43897;0;0;0;0
Nordeste;PI;43898;0;0;0;0
Nordeste;PI;43899;0;0;0;0
Nordeste;PI;43900;0;0;0;0
Nordeste;PI;43901;0;0;0;0
Nordeste;PI;43902;0;0;0;0
Nordeste;PI;43903;0;0;0;0
Nordeste;PI;43904;0;0;0;0
Nordeste;PI;43905;0;0;0;0
Nordeste;PI;43906;0;0;0;0
Nordeste;PI;43907;0;0;0;0
Nordeste;PI;43908;0;0;0;0
Nordeste;PI;43909;0;0;0;0
Nordeste;PI;43910;3;3;0;0
Nordeste;PI;43911;1;4;0;0
Nordeste;PI;43912;0;4;0;0
Nordeste;PI;43913;2;6;0;0
Nordeste;PI;43914;0;6;0;0
Nordeste;PI;43915;2;8;0;0
Nordeste;PI;43916;1;9;0;0
Nordeste;PI;43917;0;9;0;0
Nordeste;PI;43918;2;11;1;1
Nordeste;PI;43919;3;14;0;1
Nordeste;PI;43920;2;16;2;3
Nordeste;PI;43921;2;18;1;4
Nordeste;PI;43922;0;18;0;4
Nordeste;PI;43923;1;19;0;4
Nordeste;PI;43924;2;21;0;4
Nordeste;PI;43925;1;22;0;4
Nordeste;PI;43926;1;23;0;4
Nordeste;PI;43927;0;23;0;4
Nordeste;CE;43860;0;0;0;0
Nordeste;CE;43861;0;0;0;0
Nordeste;CE;43862;0;0;0;0
Nordeste;CE;43863;0;0;0;0
Nordeste;CE;43864;0;0;0;0
Nordeste;CE;43865;0;0;0;0
Nordeste;CE;43866;0;0;0;0
Nordeste;CE;43867;0;0;0;0
Nordeste;CE;43868;0;0;0;0
Nordeste;CE;43869;0;0;0;0
Nordeste;CE;43870;0;0;0;0
Nordeste;CE;43871;0;0;0;0
Nordeste;CE;43872;0;0;0;0
Nordeste;CE;43873;0;0;0;0
Nordeste;CE;43874;0;0;0;0
Nordeste;CE;43875;0;0;0;0
Nordeste;CE;43876;0;0;0;0
Nordeste;CE;43877;0;0;0;0
Nordeste;CE;43878;0;0;0;0
Nordeste;CE;43879;0;0;0;0
Nordeste;CE;43880;0;0;0;0
Nordeste;CE;43881;0;0;0;0
Nordeste;CE;43882;0;0;0;0
Nordeste;CE;43883;0;0;0;0
Nordeste;CE;43884;0;0;0;0
Nordeste;CE;43885;0;0;0;0
Nordeste;CE;43886;0;0;0;0
Nordeste;CE;43887;0;0;0;0
Nordeste;CE;43888;0;0;0;0
Nordeste;CE;43889;0;0;0;0
Nordeste;CE;43890;0;0;0;0
Nordeste;CE;43891;0;0;0;0
Nordeste;CE;43892;0;0;0;0
Nordeste;CE;43893;0;0;0;0
Nordeste;CE;43894;0;0;0;0
Nordeste;CE;43895;0;0;0;0
Nordeste;CE;43896;0;0;0;0
Nordeste;CE;43897;0;0;0;0
Nordeste;CE;43898;0;0;0;0
Nordeste;CE;43899;0;0;0;0
Nordeste;CE;43900;0;0;0;0
Nordeste;CE;43901;0;0;0;0
Nordeste;CE;43902;0;0;0;0
Nordeste;CE;43903;0;0;0;0
Nordeste;CE;43904;0;0;0;0
Nordeste;CE;43905;0;0;0;0
Nordeste;CE;43906;0;0;0;0
Nordeste;CE;43907;5;5;0;0
Nordeste;CE;43908;4;9;0;0
Nordeste;CE;43909;11;20;0;0
Nordeste;CE;43910;35;55;0;0
Nordeste;CE;43911;13;68;0;0
Nordeste;CE;43912;44;112;0;0
Nordeste;CE;43913;51;163;0;0
Nordeste;CE;43914;19;182;0;0
Nordeste;CE;43915;18;200;0;0
Nordeste;CE;43916;35;235;3;3
Nordeste;CE;43917;47;282;0;3
Nordeste;CE;43918;32;314;1;4
Nordeste;CE;43919;34;348;1;5
Nordeste;CE;43920;24;372;0;5
Nordeste;CE;43921;18;390;2;7
Nordeste;CE;43922;54;444;1;8
Nordeste;CE;43923;106;550;12;20
Nordeste;CE;43924;77;627;2;22
Nordeste;CE;43925;103;730;0;22
Nordeste;CE;43926;93;823;4;26
Nordeste;CE;43927;190;1013;3;29
Nordeste;RN;43860;0;0;0;0
Nordeste;RN;43861;0;0;0;0
Nordeste;RN;43862;0;0;0;0
Nordeste;RN;43863;0;0;0;0
Nordeste;RN;43864;0;0;0;0
Nordeste;RN;43865;0;0;0;0
Nordeste;RN;43866;0;0;0;0
Nordeste;RN;43867;0;0;0;0
Nordeste;RN;43868;0;0;0;0
Nordeste;RN;43869;0;0;0;0
Nordeste;RN;43870;0;0;0;0
Nordeste;RN;43871;0;0;0;0
Nordeste;RN;43872;0;0;0;0
Nordeste;RN;43873;0;0;0;0
Nordeste;RN;43874;0;0;0;0
Nordeste;RN;43875;0;0;0;0
Nordeste;RN;43876;0;0;0;0
Nordeste;RN;43877;0;0;0;0
Nordeste;RN;43878;0;0;0;0
Nordeste;RN;43879;0;0;0;0
Nordeste;RN;43880;0;0;0;0
Nordeste;RN;43881;0;0;0;0
Nordeste;RN;43882;0;0;0;0
Nordeste;RN;43883;0;0;0;0
Nordeste;RN;43884;0;0;0;0
Nordeste;RN;43885;0;0;0;0
Nordeste;RN;43886;0;0;0;0
Nordeste;RN;43887;0;0;0;0
Nordeste;RN;43888;0;0;0;0
Nordeste;RN;43889;0;0;0;0
Nordeste;RN;43890;0;0;0;0
Nordeste;RN;43891;0;0;0;0
Nordeste;RN;43892;0;0;0;0
Nordeste;RN;43893;0;0;0;0
Nordeste;RN;43894;0;0;0;0
Nordeste;RN;43895;0;0;0;0
Nordeste;RN;43896;0;0;0;0
Nordeste;RN;43897;0;0;0;0
Nordeste;RN;43898;0;0;0;0
Nordeste;RN;43899;0;0;0;0
Nordeste;RN;43900;0;0;0;0
Nordeste;RN;43901;0;0;0;0
Nordeste;RN;43902;0;0;0;0
Nordeste;RN;43903;1;1;0;0
Nordeste;RN;43904;0;1;0;0
Nordeste;RN;43905;0;1;0;0
Nordeste;RN;43906;0;1;0;0
Nordeste;RN;43907;0;1;0;0
Nordeste;RN;43908;0;1;0;0
Nordeste;RN;43909;0;1;0;0
Nordeste;RN;43910;0;1;0;0
Nordeste;RN;43911;5;6;0;0
Nordeste;RN;43912;3;9;0;0
Nordeste;RN;43913;4;13;0;0
Nordeste;RN;43914;0;13;0;0
Nordeste;RN;43915;1;14;0;0
Nordeste;RN;43916;5;19;0;0
Nordeste;RN;43917;9;28;0;0
Nordeste;RN;43918;17;45;0;0
Nordeste;RN;43919;23;68;1;1
Nordeste;RN;43920;9;77;0;1
Nordeste;RN;43921;5;82;0;1
Nordeste;RN;43922;10;92;1;2
Nordeste;RN;43923;13;105;0;2
Nordeste;RN;43924;71;176;2;4
Nordeste;RN;43925;36;212;1;5
Nordeste;RN;43926;30;242;2;7
Nordeste;RN;43927;4;246;0;7
Nordeste;PB;43860;0;0;0;0
Nordeste;PB;43861;0;0;0;0
Nordeste;PB;43862;0;0;0;0
Nordeste;PB;43863;0;0;0;0
Nordeste;PB;43864;0;0;0;0
Nordeste;PB;43865;0;0;0;0
Nordeste;PB;43866;0;0;0;0
Nordeste;PB;43867;0;0;0;0
Nordeste;PB;43868;0;0;0;0
Nordeste;PB;43869;0;0;0;0
Nordeste;PB;43870;0;0;0;0
Nordeste;PB;43871;0;0;0;0
Nordeste;PB;43872;0;0;0;0
Nordeste;PB;43873;0;0;0;0
Nordeste;PB;43874;0;0;0;0
Nordeste;PB;43875;0;0;0;0
Nordeste;PB;43876;0;0;0;0
Nordeste;PB;43877;0;0;0;0
Nordeste;PB;43878;0;0;0;0
Nordeste;PB;43879;0;0;0;0
Nordeste;PB;43880;0;0;0;0
Nordeste;PB;43881;0;0;0;0
Nordeste;PB;43882;0;0;0;0
Nordeste;PB;43883;0;0;0;0
Nordeste;PB;43884;0;0;0;0
Nordeste;PB;43885;0;0;0;0
Nordeste;PB;43886;0;0;0;0
Nordeste;PB;43887;0;0;0;0
Nordeste;PB;43888;0;0;0;0
Nordeste;PB;43889;0;0;0;0
Nordeste;PB;43890;0;0;0;0
Nordeste;PB;43891;0;0;0;0
Nordeste;PB;43892;0;0;0;0
Nordeste;PB;43893;0;0;0;0
Nordeste;PB;43894;0;0;0;0
Nordeste;PB;43895;0;0;0;0
Nordeste;PB;43896;0;0;0;0
Nordeste;PB;43897;0;0;0;0
Nordeste;PB;43898;0;0;0;0
Nordeste;PB;43899;0;0;0;0
Nordeste;PB;43900;0;0;0;0
Nordeste;PB;43901;0;0;0;0
Nordeste;PB;43902;0;0;0;0
Nordeste;PB;43903;0;0;0;0
Nordeste;PB;43904;0;0;0;0
Nordeste;PB;43905;0;0;0;0
Nordeste;PB;43906;0;0;0;0
Nordeste;PB;43907;0;0;0;0
Nordeste;PB;43908;0;0;0;0
Nordeste;PB;43909;1;1;0;0
Nordeste;PB;43910;0;1;0;0
Nordeste;PB;43911;0;1;0;0
Nordeste;PB;43912;0;1;0;0
Nordeste;PB;43913;1;2;0;0
Nordeste;PB;43914;1;3;0;0
Nordeste;PB;43915;0;3;0;0
Nordeste;PB;43916;2;5;0;0
Nordeste;PB;43917;4;9;0;0
Nordeste;PB;43918;5;14;0;0
Nordeste;PB;43919;0;14;0;0
Nordeste;PB;43920;1;15;0;0
Nordeste;PB;43921;2;17;0;0
Nordeste;PB;43922;3;20;1;1
Nordeste;PB;43923;1;21;0;1
Nordeste;PB;43924;8;29;0;1
Nordeste;PB;43925;3;32;1;2
Nordeste;PB;43926;2;34;2;4
Nordeste;PB;43927;1;35;0;4
Nordeste;PE;43860;0;0;0;0
Nordeste;PE;43861;0;0;0;0
Nordeste;PE;43862;0;0;0;0
Nordeste;PE;43863;0;0;0;0
Nordeste;PE;43864;0;0;0;0
Nordeste;PE;43865;0;0;0;0
Nordeste;PE;43866;0;0;0;0
Nordeste;PE;43867;0;0;0;0
Nordeste;PE;43868;0;0;0;0
Nordeste;PE;43869;0;0;0;0
Nordeste;PE;43870;0;0;0;0
Nordeste;PE;43871;0;0;0;0
Nordeste;PE;43872;0;0;0;0
Nordeste;PE;43873;0;0;0;0
Nordeste;PE;43874;0;0;0;0
Nordeste;PE;43875;0;0;0;0
Nordeste;PE;43876;0;0;0;0
Nordeste;PE;43877;0;0;0;0
Nordeste;PE;43878;0;0;0;0
Nordeste;PE;43879;0;0;0;0
Nordeste;PE;43880;0;0;0;0
Nordeste;PE;43881;0;0;0;0
Nordeste;PE;43882;0;0;0;0
Nordeste;PE;43883;0;0;0;0
Nordeste;PE;43884;0;0;0;0
Nordeste;PE;43885;0;0;0;0
Nordeste;PE;43886;0;0;0;0
Nordeste;PE;43887;0;0;0;0
Nordeste;PE;43888;0;0;0;0
Nordeste;PE;43889;0;0;0;0
Nordeste;PE;43890;0;0;0;0
Nordeste;PE;43891;0;0;0;0
Nordeste;PE;43892;0;0;0;0
Nordeste;PE;43893;0;0;0;0
Nordeste;PE;43894;0;0;0;0
Nordeste;PE;43895;0;0;0;0
Nordeste;PE;43896;0;0;0;0
Nordeste;PE;43897;0;0;0;0
Nordeste;PE;43898;0;0;0;0
Nordeste;PE;43899;0;0;0;0
Nordeste;PE;43900;0;0;0;0
Nordeste;PE;43901;0;0;0;0
Nordeste;PE;43902;2;2;0;0
Nordeste;PE;43903;0;2;0;0
Nordeste;PE;43904;0;2;0;0
Nordeste;PE;43905;0;2;0;0
Nordeste;PE;43906;0;2;0;0
Nordeste;PE;43907;14;16;0;0
Nordeste;PE;43908;0;16;0;0
Nordeste;PE;43909;12;28;0;0
Nordeste;PE;43910;2;30;0;0
Nordeste;PE;43911;0;30;0;0
Nordeste;PE;43912;7;37;0;0
Nordeste;PE;43913;5;42;0;0
Nordeste;PE;43914;0;42;0;0
Nordeste;PE;43915;4;46;1;1
Nordeste;PE;43916;2;48;2;3
Nordeste;PE;43917;8;56;1;4
Nordeste;PE;43918;12;68;1;5
Nordeste;PE;43919;5;73;0;5
Nordeste;PE;43920;5;78;1;6
Nordeste;PE;43921;9;87;0;6
Nordeste;PE;43922;8;95;2;8
Nordeste;PE;43923;11;106;1;9
Nordeste;PE;43924;30;136;1;10
Nordeste;PE;43925;40;176;4;14
Nordeste;PE;43926;25;201;7;21
Nordeste;PE;43927;22;223;9;30
Nordeste;AL;43860;0;0;0;0
Nordeste;AL;43861;0;0;0;0
Nordeste;AL;43862;0;0;0;0
Nordeste;AL;43863;0;0;0;0
Nordeste;AL;43864;0;0;0;0
Nordeste;AL;43865;0;0;0;0
Nordeste;AL;43866;0;0;0;0
Nordeste;AL;43867;0;0;0;0
Nordeste;AL;43868;0;0;0;0
Nordeste;AL;43869;0;0;0;0
Nordeste;AL;43870;0;0;0;0
Nordeste;AL;43871;0;0;0;0
Nordeste;AL;43872;0;0;0;0
Nordeste;AL;43873;0;0;0;0
Nordeste;AL;43874;0;0;0;0
Nordeste;AL;43875;0;0;0;0
Nordeste;AL;43876;0;0;0;0
Nordeste;AL;43877;0;0;0;0
Nordeste;AL;43878;0;0;0;0
Nordeste;AL;43879;0;0;0;0
Nordeste;AL;43880;0;0;0;0
Nordeste;AL;43881;0;0;0;0
Nordeste;AL;43882;0;0;0;0
Nordeste;AL;43883;0;0;0;0
Nordeste;AL;43884;0;0;0;0
Nordeste;AL;43885;0;0;0;0
Nordeste;AL;43886;0;0;0;0
Nordeste;AL;43887;0;0;0;0
Nordeste;AL;43888;0;0;0;0
Nordeste;AL;43889;0;0;0;0
Nordeste;AL;43890;0;0;0;0
Nordeste;AL;43891;0;0;0;0
Nordeste;AL;43892;0;0;0;0
Nordeste;AL;43893;0;0;0;0
Nordeste;AL;43894;0;0;0;0
Nordeste;AL;43895;0;0;0;0
Nordeste;AL;43896;0;0;0;0
Nordeste;AL;43897;0;0;0;0
Nordeste;AL;43898;1;1;0;0
Nordeste;AL;43899;0;1;0;0
Nordeste;AL;43900;0;1;0;0
Nordeste;AL;43901;0;1;0;0
Nordeste;AL;43902;0;1;0;0
Nordeste;AL;43903;0;1;0;0
Nordeste;AL;43904;0;1;0;0
Nordeste;AL;43905;0;1;0;0
Nordeste;AL;43906;0;1;0;0
Nordeste;AL;43907;0;1;0;0
Nordeste;AL;43908;0;1;0;0
Nordeste;AL;43909;3;4;0;0
Nordeste;AL;43910;1;5;0;0
Nordeste;AL;43911;2;7;0;0
Nordeste;AL;43912;0;7;0;0
Nordeste;AL;43913;0;7;0;0
Nordeste;AL;43914;2;9;0;0
Nordeste;AL;43915;2;11;0;0
Nordeste;AL;43916;0;11;0;0
Nordeste;AL;43917;0;11;0;0
Nordeste;AL;43918;3;14;0;0
Nordeste;AL;43919;3;17;0;0
Nordeste;AL;43920;0;17;0;0
Nordeste;AL;43921;1;18;1;1
Nordeste;AL;43922;0;18;0;1
Nordeste;AL;43923;0;18;0;1
Nordeste;AL;43924;4;22;1;2
Nordeste;AL;43925;1;23;0;2
Nordeste;AL;43926;5;28;0;2
Nordeste;AL;43927;3;31;0;2
Nordeste;SE;43860;0;0;0;0
Nordeste;SE;43861;0;0;0;0
Nordeste;SE;43862;0;0;0;0
Nordeste;SE;43863;0;0;0;0
Nordeste;SE;43864;0;0;0;0
Nordeste;SE;43865;0;0;0;0
Nordeste;SE;43866;0;0;0;0
Nordeste;SE;43867;0;0;0;0
Nordeste;SE;43868;0;0;0;0
Nordeste;SE;43869;0;0;0;0
Nordeste;SE;43870;0;0;0;0
Nordeste;SE;43871;0;0;0;0
Nordeste;SE;43872;0;0;0;0
Nordeste;SE;43873;0;0;0;0
Nordeste;SE;43874;0;0;0;0
Nordeste;SE;43875;0;0;0;0
Nordeste;SE;43876;0;0;0;0
Nordeste;SE;43877;0;0;0;0
Nordeste;SE;43878;0;0;0;0
Nordeste;SE;43879;0;0;0;0
Nordeste;SE;43880;0;0;0;0
Nordeste;SE;43881;0;0;0;0
Nordeste;SE;43882;0;0;0;0
Nordeste;SE;43883;0;0;0;0
Nordeste;SE;43884;0;0;0;0
Nordeste;SE;43885;0;0;0;0
Nordeste;SE;43886;0;0;0;0
Nordeste;SE;43887;0;0;0;0
Nordeste;SE;43888;0;0;0;0
Nordeste;SE;43889;0;0;0;0
Nordeste;SE;43890;0;0;0;0
Nordeste;SE;43891;0;0;0;0
Nordeste;SE;43892;0;0;0;0
Nordeste;SE;43893;0;0;0;0
Nordeste;SE;43894;0;0;0;0
Nordeste;SE;43895;0;0;0;0
Nordeste;SE;43896;0;0;0;0
Nordeste;SE;43897;0;0;0;0
Nordeste;SE;43898;0;0;0;0
Nordeste;SE;43899;0;0;0;0
Nordeste;SE;43900;0;0;0;0
Nordeste;SE;43901;0;0;0;0
Nordeste;SE;43902;0;0;0;0
Nordeste;SE;43903;0;0;0;0
Nordeste;SE;43904;0;0;0;0
Nordeste;SE;43905;1;1;0;0
Nordeste;SE;43906;0;1;0;0
Nordeste;SE;43907;3;4;0;0
Nordeste;SE;43908;1;5;0;0
Nordeste;SE;43909;1;6;0;0
Nordeste;SE;43910;0;6;0;0
Nordeste;SE;43911;4;10;0;0
Nordeste;SE;43912;0;10;0;0
Nordeste;SE;43913;0;10;0;0
Nordeste;SE;43914;5;15;0;0
Nordeste;SE;43915;1;16;0;0
Nordeste;SE;43916;0;16;0;0
Nordeste;SE;43917;0;16;0;0
Nordeste;SE;43918;0;16;0;0
Nordeste;SE;43919;0;16;0;0
Nordeste;SE;43920;0;16;0;0
Nordeste;SE;43921;3;19;0;0
Nordeste;SE;43922;1;20;0;0
Nordeste;SE;43923;3;23;2;2
Nordeste;SE;43924;2;25;0;2
Nordeste;SE;43925;2;27;0;2
Nordeste;SE;43926;5;32;1;3
Nordeste;SE;43927;0;32;1;4
Nordeste;BA;43860;0;0;0;0
Nordeste;BA;43861;0;0;0;0
Nordeste;BA;43862;0;0;0;0
Nordeste;BA;43863;0;0;0;0
Nordeste;BA;43864;0;0;0;0
Nordeste;BA;43865;0;0;0;0
Nordeste;BA;43866;0;0;0;0
Nordeste;BA;43867;0;0;0;0
Nordeste;BA;43868;0;0;0;0
Nordeste;BA;43869;0;0;0;0
Nordeste;BA;43870;0;0;0;0
Nordeste;BA;43871;0;0;0;0
Nordeste;BA;43872;0;0;0;0
Nordeste;BA;43873;0;0;0;0
Nordeste;BA;43874;0;0;0;0
Nordeste;BA;43875;0;0;0;0
Nordeste;BA;43876;0;0;0;0
Nordeste;BA;43877;0;0;0;0
Nordeste;BA;43878;0;0;0;0
Nordeste;BA;43879;0;0;0;0
Nordeste;BA;43880;0;0;0;0
Nordeste;BA;43881;0;0;0;0
Nordeste;BA;43882;0;0;0;0
Nordeste;BA;43883;0;0;0;0
Nordeste;BA;43884;0;0;0;0
Nordeste;BA;43885;0;0;0;0
Nordeste;BA;43886;0;0;0;0
Nordeste;BA;43887;0;0;0;0
Nordeste;BA;43888;0;0;0;0
Nordeste;BA;43889;0;0;0;0
Nordeste;BA;43890;0;0;0;0
Nordeste;BA;43891;0;0;0;0
Nordeste;BA;43892;0;0;0;0
Nordeste;BA;43893;0;0;0;0
Nordeste;BA;43894;0;0;0;0
Nordeste;BA;43895;0;0;0;0
Nordeste;BA;43896;1;1;0;0
Nordeste;BA;43897;1;2;0;0
Nordeste;BA;43898;0;2;0;0
Nordeste;BA;43899;0;2;0;0
Nordeste;BA;43900;0;2;0;0
Nordeste;BA;43901;0;2;0;0
Nordeste;BA;43902;0;2;0;0
Nordeste;BA;43903;0;2;0;0
Nordeste;BA;43904;0;2;0;0
Nordeste;BA;43905;0;2;0;0
Nordeste;BA;43906;0;2;0;0
Nordeste;BA;43907;1;3;0;0
Nordeste;BA;43908;0;3;0;0
Nordeste;BA;43909;27;30;0;0
Nordeste;BA;43910;3;33;0;0
Nordeste;BA;43911;8;41;0;0
Nordeste;BA;43912;8;49;0;0
Nordeste;BA;43913;14;63;0;0
Nordeste;BA;43914;13;76;0;0
Nordeste;BA;43915;8;84;0;0
Nordeste;BA;43916;20;104;0;0
Nordeste;BA;43917;11;115;0;0
Nordeste;BA;43918;12;127;0;0
Nordeste;BA;43919;27;154;1;1
Nordeste;BA;43920;22;176;0;1
Nordeste;BA;43921;37;213;1;2
Nordeste;BA;43922;33;246;0;2
Nordeste;BA;43923;21;267;1;3
Nordeste;BA;43924;15;282;2;5
Nordeste;BA;43925;50;332;2;7
Nordeste;BA;43926;69;401;2;9
Nordeste;BA;43927;30;431;1;10
Sudeste;MG;43860;0;0;0;0
Sudeste;MG;43861;0;0;0;0
Sudeste;MG;43862;0;0;0;0
Sudeste;MG;43863;0;0;0;0
Sudeste;MG;43864;0;0;0;0
Sudeste;MG;43865;0;0;0;0
Sudeste;MG;43866;0;0;0;0
Sudeste;MG;43867;0;0;0;0
Sudeste;MG;43868;0;0;0;0
Sudeste;MG;43869;0;0;0;0
Sudeste;MG;43870;0;0;0;0
Sudeste;MG;43871;0;0;0;0
Sudeste;MG;43872;0;0;0;0
Sudeste;MG;43873;0;0;0;0
Sudeste;MG;43874;0;0;0;0
Sudeste;MG;43875;0;0;0;0
Sudeste;MG;43876;0;0;0;0
Sudeste;MG;43877;0;0;0;0
Sudeste;MG;43878;0;0;0;0
Sudeste;MG;43879;0;0;0;0
Sudeste;MG;43880;0;0;0;0
Sudeste;MG;43881;0;0;0;0
Sudeste;MG;43882;0;0;0;0
Sudeste;MG;43883;0;0;0;0
Sudeste;MG;43884;0;0;0;0
Sudeste;MG;43885;0;0;0;0
Sudeste;MG;43886;0;0;0;0
Sudeste;MG;43887;0;0;0;0
Sudeste;MG;43888;0;0;0;0
Sudeste;MG;43889;0;0;0;0
Sudeste;MG;43890;0;0;0;0
Sudeste;MG;43891;0;0;0;0
Sudeste;MG;43892;0;0;0;0
Sudeste;MG;43893;0;0;0;0
Sudeste;MG;43894;0;0;0;0
Sudeste;MG;43895;0;0;0;0
Sudeste;MG;43896;0;0;0;0
Sudeste;MG;43897;0;0;0;0
Sudeste;MG;43898;1;1;0;0
Sudeste;MG;43899;0;1;0;0
Sudeste;MG;43900;0;1;0;0
Sudeste;MG;43901;0;1;0;0
Sudeste;MG;43902;0;1;0;0
Sudeste;MG;43903;1;2;0;0
Sudeste;MG;43904;0;2;0;0
Sudeste;MG;43905;0;2;0;0
Sudeste;MG;43906;3;5;0;0
Sudeste;MG;43907;2;7;0;0
Sudeste;MG;43908;8;15;0;0
Sudeste;MG;43909;14;29;0;0
Sudeste;MG;43910;6;35;0;0
Sudeste;MG;43911;3;38;0;0
Sudeste;MG;43912;45;83;0;0
Sudeste;MG;43913;45;128;0;0
Sudeste;MG;43914;2;130;0;0
Sudeste;MG;43915;3;133;0;0
Sudeste;MG;43916;20;153;0;0
Sudeste;MG;43917;36;189;0;0
Sudeste;MG;43918;16;205;0;0
Sudeste;MG;43919;26;231;0;0
Sudeste;MG;43920;30;261;1;1
Sudeste;MG;43921;14;275;1;2
Sudeste;MG;43922;39;314;1;3
Sudeste;MG;43923;56;370;1;4
Sudeste;MG;43924;27;397;2;6
Sudeste;MG;43925;33;430;0;6
Sudeste;MG;43926;68;498;0;6
Sudeste;MG;43927;27;525;3;9
Sudeste;ES;43860;0;0;0;0
Sudeste;ES;43861;0;0;0;0
Sudeste;ES;43862;0;0;0;0
Sudeste;ES;43863;0;0;0;0
Sudeste;ES;43864;0;0;0;0
Sudeste;ES;43865;0;0;0;0
Sudeste;ES;43866;0;0;0;0
Sudeste;ES;43867;0;0;0;0
Sudeste;ES;43868;0;0;0;0
Sudeste;ES;43869;0;0;0;0
Sudeste;ES;43870;0;0;0;0
Sudeste;ES;43871;0;0;0;0
Sudeste;ES;43872;0;0;0;0
Sudeste;ES;43873;0;0;0;0
Sudeste;ES;43874;0;0;0;0
Sudeste;ES;43875;0;0;0;0
Sudeste;ES;43876;0;0;0;0
Sudeste;ES;43877;0;0;0;0
Sudeste;ES;43878;0;0;0;0
Sudeste;ES;43879;0;0;0;0
Sudeste;ES;43880;0;0;0;0
Sudeste;ES;43881;0;0;0;0
Sudeste;ES;43882;0;0;0;0
Sudeste;ES;43883;0;0;0;0
Sudeste;ES;43884;0;0;0;0
Sudeste;ES;43885;0;0;0;0
Sudeste;ES;43886;0;0;0;0
Sudeste;ES;43887;0;0;0;0
Sudeste;ES;43888;0;0;0;0
Sudeste;ES;43889;0;0;0;0
Sudeste;ES;43890;0;0;0;0
Sudeste;ES;43891;0;0;0;0
Sudeste;ES;43892;0;0;0;0
Sudeste;ES;43893;0;0;0;0
Sudeste;ES;43894;0;0;0;0
Sudeste;ES;43895;0;0;0;0
Sudeste;ES;43896;1;1;0;0
Sudeste;ES;43897;0;1;0;0
Sudeste;ES;43898;0;1;0;0
Sudeste;ES;43899;0;1;0;0
Sudeste;ES;43900;0;1;0;0
Sudeste;ES;43901;0;1;0;0
Sudeste;ES;43902;0;1;0;0
Sudeste;ES;43903;0;1;0;0
Sudeste;ES;43904;0;1;0;0
Sudeste;ES;43905;0;1;0;0
Sudeste;ES;43906;0;1;0;0
Sudeste;ES;43907;0;1;0;0
Sudeste;ES;43908;8;9;0;0
Sudeste;ES;43909;2;11;0;0
Sudeste;ES;43910;2;13;0;0
Sudeste;ES;43911;13;26;0;0
Sudeste;ES;43912;0;26;0;0
Sudeste;ES;43913;3;29;0;0
Sudeste;ES;43914;4;33;0;0
Sudeste;ES;43915;6;39;0;0
Sudeste;ES;43916;0;39;0;0
Sudeste;ES;43917;8;47;0;0
Sudeste;ES;43918;6;53;0;0
Sudeste;ES;43919;7;60;0;0
Sudeste;ES;43920;12;72;0;0
Sudeste;ES;43921;12;84;0;0
Sudeste;ES;43922;12;96;0;0
Sudeste;ES;43923;24;120;1;1
Sudeste;ES;43924;19;139;3;4
Sudeste;ES;43925;14;153;1;5
Sudeste;ES;43926;13;166;1;6
Sudeste;ES;43927;28;194;0;6
Sudeste;RJ;43860;0;0;0;0
Sudeste;RJ;43861;0;0;0;0
Sudeste;RJ;43862;0;0;0;0
Sudeste;RJ;43863;0;0;0;0
Sudeste;RJ;43864;0;0;0;0
Sudeste;RJ;43865;0;0;0;0
Sudeste;RJ;43866;0;0;0;0
Sudeste;RJ;43867;0;0;0;0
Sudeste;RJ;43868;0;0;0;0
Sudeste;RJ;43869;0;0;0;0
Sudeste;RJ;43870;0;0;0;0
Sudeste;RJ;43871;0;0;0;0
Sudeste;RJ;43872;0;0;0;0
Sudeste;RJ;43873;0;0;0;0
Sudeste;RJ;43874;0;0;0;0
Sudeste;RJ;43875;0;0;0;0
Sudeste;RJ;43876;0;0;0;0
Sudeste;RJ;43877;0;0;0;0
Sudeste;RJ;43878;0;0;0;0
Sudeste;RJ;43879;0;0;0;0
Sudeste;RJ;43880;0;0;0;0
Sudeste;RJ;43881;0;0;0;0
Sudeste;RJ;43882;0;0;0;0
Sudeste;RJ;43883;0;0;0;0
Sudeste;RJ;43884;0;0;0;0
Sudeste;RJ;43885;0;0;0;0
Sudeste;RJ;43886;0;0;0;0
Sudeste;RJ;43887;0;0;0;0
Sudeste;RJ;43888;0;0;0;0
Sudeste;RJ;43889;0;0;0;0
Sudeste;RJ;43890;0;0;0;0
Sudeste;RJ;43891;0;0;0;0
Sudeste;RJ;43892;0;0;0;0
Sudeste;RJ;43893;0;0;0;0
Sudeste;RJ;43894;0;0;0;0
Sudeste;RJ;43895;1;1;0;0
Sudeste;RJ;43896;0;1;0;0
Sudeste;RJ;43897;1;2;0;0
Sudeste;RJ;43898;1;3;0;0
Sudeste;RJ;43899;0;3;0;0
Sudeste;RJ;43900;5;8;0;0
Sudeste;RJ;43901;5;13;0;0
Sudeste;RJ;43902;3;16;0;0
Sudeste;RJ;43903;0;16;0;0
Sudeste;RJ;43904;6;22;0;0
Sudeste;RJ;43905;2;24;0;0
Sudeste;RJ;43906;7;31;0;0
Sudeste;RJ;43907;2;33;0;0
Sudeste;RJ;43908;12;45;0;0
Sudeste;RJ;43909;20;65;2;2
Sudeste;RJ;43910;44;109;0;2
Sudeste;RJ;43911;10;119;1;3
Sudeste;RJ;43912;67;186;0;3
Sudeste;RJ;43913;47;233;1;4
Sudeste;RJ;43914;72;305;2;6
Sudeste;RJ;43915;65;370;0;6
Sudeste;RJ;43916;51;421;3;9
Sudeste;RJ;43917;72;493;1;10
Sudeste;RJ;43918;65;558;3;13
Sudeste;RJ;43919;42;600;4;17
Sudeste;RJ;43920;57;657;1;18
Sudeste;RJ;43921;51;708;5;23
Sudeste;RJ;43922;124;832;5;28
Sudeste;RJ;43923;160;992;13;41
Sudeste;RJ;43924;82;1074;6;47
Sudeste;RJ;43925;172;1246;11;58
Sudeste;RJ;43926;148;1394;6;64
Sudeste;RJ;43927;67;1461;7;71
Sudeste;SP;43860;0;0;0;0
Sudeste;SP;43861;0;0;0;0
Sudeste;SP;43862;0;0;0;0
Sudeste;SP;43863;0;0;0;0
Sudeste;SP;43864;0;0;0;0
Sudeste;SP;43865;0;0;0;0
Sudeste;SP;43866;0;0;0;0
Sudeste;SP;43867;0;0;0;0
Sudeste;SP;43868;0;0;0;0
Sudeste;SP;43869;0;0;0;0
Sudeste;SP;43870;0;0;0;0
Sudeste;SP;43871;0;0;0;0
Sudeste;SP;43872;0;0;0;0
Sudeste;SP;43873;0;0;0;0
Sudeste;SP;43874;0;0;0;0
Sudeste;SP;43875;0;0;0;0
Sudeste;SP;43876;0;0;0;0
Sudeste;SP;43877;0;0;0;0
Sudeste;SP;43878;0;0;0;0
Sudeste;SP;43879;0;0;0;0
Sudeste;SP;43880;0;0;0;0
Sudeste;SP;43881;0;0;0;0
Sudeste;SP;43882;0;0;0;0
Sudeste;SP;43883;0;0;0;0
Sudeste;SP;43884;0;0;0;0
Sudeste;SP;43885;0;0;0;0
Sudeste;SP;43886;0;0;0;0
Sudeste;SP;43887;1;1;0;0
Sudeste;SP;43888;0;1;0;0
Sudeste;SP;43889;0;1;0;0
Sudeste;SP;43890;1;2;0;0
Sudeste;SP;43891;0;2;0;0
Sudeste;SP;43892;0;2;0;0
Sudeste;SP;43893;0;2;0;0
Sudeste;SP;43894;1;3;0;0
Sudeste;SP;43895;3;6;0;0
Sudeste;SP;43896;4;10;0;0
Sudeste;SP;43897;3;13;0;0
Sudeste;SP;43898;3;16;0;0
Sudeste;SP;43899;0;16;0;0
Sudeste;SP;43900;3;19;0;0
Sudeste;SP;43901;11;30;0;0
Sudeste;SP;43902;12;42;0;0
Sudeste;SP;43903;14;56;0;0
Sudeste;SP;43904;9;65;0;0
Sudeste;SP;43905;71;136;0;0
Sudeste;SP;43906;16;152;0;0
Sudeste;SP;43907;12;164;1;1
Sudeste;SP;43908;76;240;3;4
Sudeste;SP;43909;46;286;0;4
Sudeste;SP;43910;110;396;5;9
Sudeste;SP;43911;63;459;6;15
Sudeste;SP;43912;172;631;7;22
Sudeste;SP;43913;114;745;8;30
Sudeste;SP;43914;65;810;10;40
Sudeste;SP;43915;52;862;8;48
Sudeste;SP;43916;190;1052;10;58
Sudeste;SP;43917;171;1223;10;68
Sudeste;SP;43918;183;1406;16;84
Sudeste;SP;43919;45;1451;14;98
Sudeste;SP;43920;66;1517;15;113
Sudeste;SP;43921;822;2339;23;136
Sudeste;SP;43922;642;2981;28;164
Sudeste;SP;43923;525;3506;24;188
Sudeste;SP;43924;542;4048;31;219
Sudeste;SP;43925;418;4466;41;260
Sudeste;SP;43926;154;4620;15;275
Sudeste;SP;43927;246;4866;29;304
Sul;PR;43860;0;0;0;0
Sul;PR;43861;0;0;0;0
Sul;PR;43862;0;0;0;0
Sul;PR;43863;0;0;0;0
Sul;PR;43864;0;0;0;0
Sul;PR;43865;0;0;0;0
Sul;PR;43866;0;0;0;0
Sul;PR;43867;0;0;0;0
Sul;PR;43868;0;0;0;0
Sul;PR;43869;0;0;0;0
Sul;PR;43870;0;0;0;0
Sul;PR;43871;0;0;0;0
Sul;PR;43872;0;0;0;0
Sul;PR;43873;0;0;0;0
Sul;PR;43874;0;0;0;0
Sul;PR;43875;0;0;0;0
Sul;PR;43876;0;0;0;0
Sul;PR;43877;0;0;0;0
Sul;PR;43878;0;0;0;0
Sul;PR;43879;0;0;0;0
Sul;PR;43880;0;0;0;0
Sul;PR;43881;0;0;0;0
Sul;PR;43882;0;0;0;0
Sul;PR;43883;0;0;0;0
Sul;PR;43884;0;0;0;0
Sul;PR;43885;0;0;0;0
Sul;PR;43886;0;0;0;0
Sul;PR;43887;0;0;0;0
Sul;PR;43888;0;0;0;0
Sul;PR;43889;0;0;0;0
Sul;PR;43890;0;0;0;0
Sul;PR;43891;0;0;0;0
Sul;PR;43892;0;0;0;0
Sul;PR;43893;0;0;0;0
Sul;PR;43894;0;0;0;0
Sul;PR;43895;0;0;0;0
Sul;PR;43896;0;0;0;0
Sul;PR;43897;0;0;0;0
Sul;PR;43898;0;0;0;0
Sul;PR;43899;0;0;0;0
Sul;PR;43900;0;0;0;0
Sul;PR;43901;0;0;0;0
Sul;PR;43902;6;6;0;0
Sul;PR;43903;0;6;0;0
Sul;PR;43904;0;6;0;0
Sul;PR;43905;0;6;0;0
Sul;PR;43906;0;6;0;0
Sul;PR;43907;0;6;0;0
Sul;PR;43908;7;13;0;0
Sul;PR;43909;10;23;0;0
Sul;PR;43910;9;32;0;0
Sul;PR;43911;11;43;0;0
Sul;PR;43912;7;50;0;0
Sul;PR;43913;6;56;0;0
Sul;PR;43914;9;65;0;0
Sul;PR;43915;16;81;0;0
Sul;PR;43916;21;102;0;0
Sul;PR;43917;17;119;2;2
Sul;PR;43918;14;133;0;2
Sul;PR;43919;15;148;0;2
Sul;PR;43920;7;155;1;3
Sul;PR;43921;24;179;0;3
Sul;PR;43922;45;224;0;3
Sul;PR;43923;28;252;1;4
Sul;PR;43924;49;301;0;4
Sul;PR;43925;94;395;2;6
Sul;PR;43926;43;438;3;9
Sul;PR;43927;20;458;2;11
Sul;SC;43860;0;0;0;0
Sul;SC;43861;0;0;0;0
Sul;SC;43862;0;0;0;0
Sul;SC;43863;0;0;0;0
Sul;SC;43864;0;0;0;0
Sul;SC;43865;0;0;0;0
Sul;SC;43866;0;0;0;0
Sul;SC;43867;0;0;0;0
Sul;SC;43868;0;0;0;0
Sul;SC;43869;0;0;0;0
Sul;SC;43870;0;0;0;0
Sul;SC;43871;0;0;0;0
Sul;SC;43872;0;0;0;0
Sul;SC;43873;0;0;0;0
Sul;SC;43874;0;0;0;0
Sul;SC;43875;0;0;0;0
Sul;SC;43876;0;0;0;0
Sul;SC;43877;0;0;0;0
Sul;SC;43878;0;0;0;0
Sul;SC;43879;0;0;0;0
Sul;SC;43880;0;0;0;0
Sul;SC;43881;0;0;0;0
Sul;SC;43882;0;0;0;0
Sul;SC;43883;0;0;0;0
Sul;SC;43884;0;0;0;0
Sul;SC;43885;0;0;0;0
Sul;SC;43886;0;0;0;0
Sul;SC;43887;0;0;0;0
Sul;SC;43888;0;0;0;0
Sul;SC;43889;0;0;0;0
Sul;SC;43890;0;0;0;0
Sul;SC;43891;0;0;0;0
Sul;SC;43892;0;0;0;0
Sul;SC;43893;0;0;0;0
Sul;SC;43894;0;0;0;0
Sul;SC;43895;0;0;0;0
Sul;SC;43896;0;0;0;0
Sul;SC;43897;0;0;0;0
Sul;SC;43898;0;0;0;0
Sul;SC;43899;0;0;0;0
Sul;SC;43900;0;0;0;0
Sul;SC;43901;0;0;0;0
Sul;SC;43902;0;0;0;0
Sul;SC;43903;2;2;0;0
Sul;SC;43904;2;4;0;0
Sul;SC;43905;2;6;0;0
Sul;SC;43906;1;7;0;0
Sul;SC;43907;0;7;0;0
Sul;SC;43908;3;10;0;0
Sul;SC;43909;10;20;0;0
Sul;SC;43910;1;21;0;0
Sul;SC;43911;30;51;0;0
Sul;SC;43912;6;57;0;0
Sul;SC;43913;11;68;0;0
Sul;SC;43914;39;107;0;0
Sul;SC;43915;2;109;0;0
Sul;SC;43916;13;122;1;1
Sul;SC;43917;27;149;0;1
Sul;SC;43918;35;184;0;1
Sul;SC;43919;10;194;0;1
Sul;SC;43920;3;197;0;1
Sul;SC;43921;22;219;1;2
Sul;SC;43922;16;235;0;2
Sul;SC;43923;12;247;0;2
Sul;SC;43924;34;281;3;5
Sul;SC;43925;53;334;0;5
Sul;SC;43926;23;357;5;10
Sul;SC;43927;22;379;0;10
Sul;RS;43860;0;0;0;0
Sul;RS;43861;0;0;0;0
Sul;RS;43862;0;0;0;0
Sul;RS;43863;0;0;0;0
Sul;RS;43864;0;0;0;0
Sul;RS;43865;0;0;0;0
Sul;RS;43866;0;0;0;0
Sul;RS;43867;0;0;0;0
Sul;RS;43868;0;0;0;0
Sul;RS;43869;0;0;0;0
Sul;RS;43870;0;0;0;0
Sul;RS;43871;0;0;0;0
Sul;RS;43872;0;0;0;0
Sul;RS;43873;0;0;0;0
Sul;RS;43874;0;0;0;0
Sul;RS;43875;0;0;0;0
Sul;RS;43876;0;0;0;0
Sul;RS;43877;0;0;0;0
Sul;RS;43878;0;0;0;0
Sul;RS;43879;0;0;0;0
Sul;RS;43880;0;0;0;0
Sul;RS;43881;0;0;0;0
Sul;RS;43882;0;0;0;0
Sul;RS;43883;0;0;0;0
Sul;RS;43884;0;0;0;0
Sul;RS;43885;0;0;0;0
Sul;RS;43886;0;0;0;0
Sul;RS;43887;0;0;0;0
Sul;RS;43888;0;0;0;0
Sul;RS;43889;0;0;0;0
Sul;RS;43890;0;0;0;0
Sul;RS;43891;0;0;0;0
Sul;RS;43892;0;0;0;0
Sul;RS;43893;0;0;0;0
Sul;RS;43894;0;0;0;0
Sul;RS;43895;0;0;0;0
Sul;RS;43896;0;0;0;0
Sul;RS;43897;0;0;0;0
Sul;RS;43898;0;0;0;0
Sul;RS;43899;0;0;0;0
Sul;RS;43900;1;1;0;0
Sul;RS;43901;1;2;0;0
Sul;RS;43902;2;4;0;0
Sul;RS;43903;0;4;0;0
Sul;RS;43904;2;6;0;0
Sul;RS;43905;0;6;0;0
Sul;RS;43906;0;6;0;0
Sul;RS;43907;4;10;0;0
Sul;RS;43908;9;19;0;0
Sul;RS;43909;9;28;0;0
Sul;RS;43910;9;37;0;0
Sul;RS;43911;23;60;0;0
Sul;RS;43912;12;72;0;0
Sul;RS;43913;14;86;0;0
Sul;RS;43914;12;98;0;0
Sul;RS;43915;25;123;1;1
Sul;RS;43916;45;168;0;1
Sul;RS;43917;27;195;1;2
Sul;RS;43918;2;197;0;2
Sul;RS;43919;29;226;0;2
Sul;RS;43920;15;241;1;3
Sul;RS;43921;33;274;1;4
Sul;RS;43922;32;306;0;4
Sul;RS;43923;28;334;1;5
Sul;RS;43924;62;396;0;5
Sul;RS;43925;14;410;1;6
Sul;RS;43926;8;418;1;7
Sul;RS;43927;63;481;0;7
Centro-Oeste;MS;43860;0;0;0;0
Centro-Oeste;MS;43861;0;0;0;0
Centro-Oeste;MS;43862;0;0;0;0
Centro-Oeste;MS;43863;0;0;0;0
Centro-Oeste;MS;43864;0;0;0;0
Centro-Oeste;MS;43865;0;0;0;0
Centro-Oeste;MS;43866;0;0;0;0
Centro-Oeste;MS;43867;0;0;0;0
Centro-Oeste;MS;43868;0;0;0;0
Centro-Oeste;MS;43869;0;0;0;0
Centro-Oeste;MS;43870;0;0;0;0
Centro-Oeste;MS;43871;0;0;0;0
Centro-Oeste;MS;43872;0;0;0;0
Centro-Oeste;MS;43873;0;0;0;0
Centro-Oeste;MS;43874;0;0;0;0
Centro-Oeste;MS;43875;0;0;0;0
Centro-Oeste;MS;43876;0;0;0;0
Centro-Oeste;MS;43877;0;0;0;0
Centro-Oeste;MS;43878;0;0;0;0
Centro-Oeste;MS;43879;0;0;0;0
Centro-Oeste;MS;43880;0;0;0;0
Centro-Oeste;MS;43881;0;0;0;0
Centro-Oeste;MS;43882;0;0;0;0
Centro-Oeste;MS;43883;0;0;0;0
Centro-Oeste;MS;43884;0;0;0;0
Centro-Oeste;MS;43885;0;0;0;0
Centro-Oeste;MS;43886;0;0;0;0
Centro-Oeste;MS;43887;0;0;0;0
Centro-Oeste;MS;43888;0;0;0;0
Centro-Oeste;MS;43889;0;0;0;0
Centro-Oeste;MS;43890;0;0;0;0
Centro-Oeste;MS;43891;0;0;0;0
Centro-Oeste;MS;43892;0;0;0;0
Centro-Oeste;MS;43893;0;0;0;0
Centro-Oeste;MS;43894;0;0;0;0
Centro-Oeste;MS;43895;0;0;0;0
Centro-Oeste;MS;43896;0;0;0;0
Centro-Oeste;MS;43897;0;0;0;0
Centro-Oeste;MS;43898;0;0;0;0
Centro-Oeste;MS;43899;0;0;0;0
Centro-Oeste;MS;43900;0;0;0;0
Centro-Oeste;MS;43901;0;0;0;0
Centro-Oeste;MS;43902;0;0;0;0
Centro-Oeste;MS;43903;0;0;0;0
Centro-Oeste;MS;43904;0;0;0;0
Centro-Oeste;MS;43905;0;0;0;0
Centro-Oeste;MS;43906;2;2;0;0
Centro-Oeste;MS;43907;2;4;0;0
Centro-Oeste;MS;43908;3;7;0;0
Centro-Oeste;MS;43909;0;7;0;0
Centro-Oeste;MS;43910;2;9;0;0
Centro-Oeste;MS;43911;7;16;0;0
Centro-Oeste;MS;43912;5;21;0;0
Centro-Oeste;MS;43913;0;21;0;0
Centro-Oeste;MS;43914;2;23;0;0
Centro-Oeste;MS;43915;1;24;0;0
Centro-Oeste;MS;43916;1;25;0;0
Centro-Oeste;MS;43917;3;28;0;0
Centro-Oeste;MS;43918;3;31;0;0
Centro-Oeste;MS;43919;5;36;0;0
Centro-Oeste;MS;43920;8;44;0;0
Centro-Oeste;MS;43921;4;48;1;1
Centro-Oeste;MS;43922;3;51;0;1
Centro-Oeste;MS;43923;2;53;0;1
Centro-Oeste;MS;43924;7;60;0;1
Centro-Oeste;MS;43925;2;62;0;1
Centro-Oeste;MS;43926;3;65;0;1
Centro-Oeste;MS;43927;1;66;0;1
Centro-Oeste;MT;43860;0;0;0;0
Centro-Oeste;MT;43861;0;0;0;0
Centro-Oeste;MT;43862;0;0;0;0
Centro-Oeste;MT;43863;0;0;0;0
Centro-Oeste;MT;43864;0;0;0;0
Centro-Oeste;MT;43865;0;0;0;0
Centro-Oeste;MT;43866;0;0;0;0
Centro-Oeste;MT;43867;0;0;0;0
Centro-Oeste;MT;43868;0;0;0;0
Centro-Oeste;MT;43869;0;0;0;0
Centro-Oeste;MT;43870;0;0;0;0
Centro-Oeste;MT;43871;0;0;0;0
Centro-Oeste;MT;43872;0;0;0;0
Centro-Oeste;MT;43873;0;0;0;0
Centro-Oeste;MT;43874;0;0;0;0
Centro-Oeste;MT;43875;0;0;0;0
Centro-Oeste;MT;43876;0;0;0;0
Centro-Oeste;MT;43877;0;0;0;0
Centro-Oeste;MT;43878;0;0;0;0
Centro-Oeste;MT;43879;0;0;0;0
Centro-Oeste;MT;43880;0;0;0;0
Centro-Oeste;MT;43881;0;0;0;0
Centro-Oeste;MT;43882;0;0;0;0
Centro-Oeste;MT;43883;0;0;0;0
Centro-Oeste;MT;43884;0;0;0;0
Centro-Oeste;MT;43885;0;0;0;0
Centro-Oeste;MT;43886;0;0;0;0
Centro-Oeste;MT;43887;0;0;0;0
Centro-Oeste;MT;43888;0;0;0;0
Centro-Oeste;MT;43889;0;0;0;0
Centro-Oeste;MT;43890;0;0;0;0
Centro-Oeste;MT;43891;0;0;0;0
Centro-Oeste;MT;43892;0;0;0;0
Centro-Oeste;MT;43893;0;0;0;0
Centro-Oeste;MT;43894;0;0;0;0
Centro-Oeste;MT;43895;0;0;0;0
Centro-Oeste;MT;43896;0;0;0;0
Centro-Oeste;MT;43897;0;0;0;0
Centro-Oeste;MT;43898;0;0;0;0
Centro-Oeste;MT;43899;0;0;0;0
Centro-Oeste;MT;43900;0;0;0;0
Centro-Oeste;MT;43901;0;0;0;0
Centro-Oeste;MT;43902;0;0;0;0
Centro-Oeste;MT;43903;0;0;0;0
Centro-Oeste;MT;43904;0;0;0;0
Centro-Oeste;MT;43905;0;0;0;0
Centro-Oeste;MT;43906;0;0;0;0
Centro-Oeste;MT;43907;0;0;0;0
Centro-Oeste;MT;43908;0;0;0;0
Centro-Oeste;MT;43909;0;0;0;0
Centro-Oeste;MT;43910;1;1;0;0
Centro-Oeste;MT;43911;1;2;0;0
Centro-Oeste;MT;43912;0;2;0;0
Centro-Oeste;MT;43913;0;2;0;0
Centro-Oeste;MT;43914;5;7;0;0
Centro-Oeste;MT;43915;1;8;0;0
Centro-Oeste;MT;43916;3;11;0;0
Centro-Oeste;MT;43917;0;11;0;0
Centro-Oeste;MT;43918;2;13;0;0
Centro-Oeste;MT;43919;3;16;0;0
Centro-Oeste;MT;43920;2;18;0;0
Centro-Oeste;MT;43921;7;25;0;0
Centro-Oeste;MT;43922;2;27;0;0
Centro-Oeste;MT;43923;9;36;0;0
Centro-Oeste;MT;43924;8;44;1;1
Centro-Oeste;MT;43925;12;56;0;1
Centro-Oeste;MT;43926;4;60;0;1
Centro-Oeste;MT;43927;16;76;0;1
Centro-Oeste;GO;43860;0;0;0;0
Centro-Oeste;GO;43861;0;0;0;0
Centro-Oeste;GO;43862;0;0;0;0
Centro-Oeste;GO;43863;0;0;0;0
Centro-Oeste;GO;43864;0;0;0;0
Centro-Oeste;GO;43865;0;0;0;0
Centro-Oeste;GO;43866;0;0;0;0
Centro-Oeste;GO;43867;0;0;0;0
Centro-Oeste;GO;43868;0;0;0;0
Centro-Oeste;GO;43869;0;0;0;0
Centro-Oeste;GO;43870;0;0;0;0
Centro-Oeste;GO;43871;0;0;0;0
Centro-Oeste;GO;43872;0;0;0;0
Centro-Oeste;GO;43873;0;0;0;0
Centro-Oeste;GO;43874;0;0;0;0
Centro-Oeste;GO;43875;0;0;0;0
Centro-Oeste;GO;43876;0;0;0;0
Centro-Oeste;GO;43877;0;0;0;0
Centro-Oeste;GO;43878;0;0;0;0
Centro-Oeste;GO;43879;0;0;0;0
Centro-Oeste;GO;43880;0;0;0;0
Centro-Oeste;GO;43881;0;0;0;0
Centro-Oeste;GO;43882;0;0;0;0
Centro-Oeste;GO;43883;0;0;0;0
Centro-Oeste;GO;43884;0;0;0;0
Centro-Oeste;GO;43885;0;0;0;0
Centro-Oeste;GO;43886;0;0;0;0
Centro-Oeste;GO;43887;0;0;0;0
Centro-Oeste;GO;43888;0;0;0;0
Centro-Oeste;GO;43889;0;0;0;0
Centro-Oeste;GO;43890;0;0;0;0
Centro-Oeste;GO;43891;0;0;0;0
Centro-Oeste;GO;43892;0;0;0;0
Centro-Oeste;GO;43893;0;0;0;0
Centro-Oeste;GO;43894;0;0;0;0
Centro-Oeste;GO;43895;0;0;0;0
Centro-Oeste;GO;43896;0;0;0;0
Centro-Oeste;GO;43897;0;0;0;0
Centro-Oeste;GO;43898;0;0;0;0
Centro-Oeste;GO;43899;0;0;0;0
Centro-Oeste;GO;43900;0;0;0;0
Centro-Oeste;GO;43901;0;0;0;0
Centro-Oeste;GO;43902;0;0;0;0
Centro-Oeste;GO;43903;3;3;0;0
Centro-Oeste;GO;43904;0;3;0;0
Centro-Oeste;GO;43905;0;3;0;0
Centro-Oeste;GO;43906;0;3;0;0
Centro-Oeste;GO;43907;3;6;0;0
Centro-Oeste;GO;43908;2;8;0;0
Centro-Oeste;GO;43909;4;12;0;0
Centro-Oeste;GO;43910;3;15;0;0
Centro-Oeste;GO;43911;5;20;0;0
Centro-Oeste;GO;43912;1;21;0;0
Centro-Oeste;GO;43913;2;23;0;0
Centro-Oeste;GO;43914;4;27;0;0
Centro-Oeste;GO;43915;2;29;0;0
Centro-Oeste;GO;43916;10;39;1;1
Centro-Oeste;GO;43917;10;49;0;1
Centro-Oeste;GO;43918;7;56;0;1
Centro-Oeste;GO;43919;2;58;0;1
Centro-Oeste;GO;43920;3;61;0;1
Centro-Oeste;GO;43921;4;65;0;1
Centro-Oeste;GO;43922;6;71;0;1
Centro-Oeste;GO;43923;2;73;0;1
Centro-Oeste;GO;43924;15;88;1;2
Centro-Oeste;GO;43925;15;103;0;2
Centro-Oeste;GO;43926;12;115;1;3
Centro-Oeste;GO;43927;4;119;2;5
Centro-Oeste;DF;43860;0;0;0;0
Centro-Oeste;DF;43861;0;0;0;0
Centro-Oeste;DF;43862;0;0;0;0
Centro-Oeste;DF;43863;0;0;0;0
Centro-Oeste;DF;43864;0;0;0;0
Centro-Oeste;DF;43865;0;0;0;0
Centro-Oeste;DF;43866;0;0;0;0
Centro-Oeste;DF;43867;0;0;0;0
Centro-Oeste;DF;43868;0;0;0;0
Centro-Oeste;DF;43869;0;0;0;0
Centro-Oeste;DF;43870;0;0;0;0
Centro-Oeste;DF;43871;0;0;0;0
Centro-Oeste;DF;43872;0;0;0;0
Centro-Oeste;DF;43873;0;0;0;0
Centro-Oeste;DF;43874;0;0;0;0
Centro-Oeste;DF;43875;0;0;0;0
Centro-Oeste;DF;43876;0;0;0;0
Centro-Oeste;DF;43877;0;0;0;0
Centro-Oeste;DF;43878;0;0;0;0
Centro-Oeste;DF;43879;0;0;0;0
Centro-Oeste;DF;43880;0;0;0;0
Centro-Oeste;DF;43881;0;0;0;0
Centro-Oeste;DF;43882;0;0;0;0
Centro-Oeste;DF;43883;0;0;0;0
Centro-Oeste;DF;43884;0;0;0;0
Centro-Oeste;DF;43885;0;0;0;0
Centro-Oeste;DF;43886;0;0;0;0
Centro-Oeste;DF;43887;0;0;0;0
Centro-Oeste;DF;43888;0;0;0;0
Centro-Oeste;DF;43889;0;0;0;0
Centro-Oeste;DF;43890;0;0;0;0
Centro-Oeste;DF;43891;0;0;0;0
Centro-Oeste;DF;43892;0;0;0;0
Centro-Oeste;DF;43893;0;0;0;0
Centro-Oeste;DF;43894;0;0;0;0
Centro-Oeste;DF;43895;0;0;0;0
Centro-Oeste;DF;43896;0;0;0;0
Centro-Oeste;DF;43897;1;1;0;0
Centro-Oeste;DF;43898;0;1;0;0
Centro-Oeste;DF;43899;0;1;0;0
Centro-Oeste;DF;43900;0;1;0;0
Centro-Oeste;DF;43901;1;2;0;0
Centro-Oeste;DF;43902;0;2;0;0
Centro-Oeste;DF;43903;0;2;0;0
Centro-Oeste;DF;43904;4;6;0;0
Centro-Oeste;DF;43905;2;8;0;0
Centro-Oeste;DF;43906;5;13;0;0
Centro-Oeste;DF;43907;9;22;0;0
Centro-Oeste;DF;43908;4;26;0;0
Centro-Oeste;DF;43909;16;42;0;0
Centro-Oeste;DF;43910;45;87;0;0
Centro-Oeste;DF;43911;13;100;0;0
Centro-Oeste;DF;43912;17;117;0;0
Centro-Oeste;DF;43913;16;133;0;0
Centro-Oeste;DF;43914;27;160;0;0
Centro-Oeste;DF;43915;0;160;0;0
Centro-Oeste;DF;43916;40;200;0;0
Centro-Oeste;DF;43917;30;230;0;0
Centro-Oeste;DF;43918;30;260;0;0
Centro-Oeste;DF;43919;29;289;1;1
Centro-Oeste;DF;43920;23;312;0;1
Centro-Oeste;DF;43921;20;332;2;3
Centro-Oeste;DF;43922;23;355;0;3
Centro-Oeste;DF;43923;15;370;1;4
Centro-Oeste;DF;43924;32;402;1;5
Centro-Oeste;DF;43925;52;454;2;7
Centro-Oeste;DF;43926;14;468;0;7
Centro-Oeste;DF;43927;5;473;3;10
